<?xml version="1.0"?>
<object name="Document"
   meta_type="Factory-based Type Information with dynamic views"
   i18n:domain="simpleattachment"
   xmlns:i18n="http://xml.zope.org/namespaces/i18n">
 <property name="title" i18n:translate="">Attached file</property>
 <property name="description"
      i18n:translate="">A file attachment</property>
 <property name="content_icon">file_icon.gif</property>
 <property name="content_meta_type">FileAttachment</property>
 <property name="product">SimpleAttachment</property>
 <property name="factory">addFileAttachment</property>
 <property name="immediate_view">edit</property>
 <property name="global_allow">False</property>
 <property name="filter_content_types">False</property>
 <property name="allowed_content_types"/>
 <property name="allow_discussion">False</property>
 <alias from="(Default)" to="(dynamic view)"/>
 <alias from="edit" to="atct_edit"/>
 <alias from="sharing" to="@@sharing"/>
 <alias from="view" to="(selected layout)"/>
 <action title="View" action_id="view" category="object" condition_expr=""
    url_expr="string:${object_url}" visible="True">
  <permission value="View"/>
 </action>
 <action title="Edit" action_id="edit" category="object" condition_expr=""
    url_expr="string:${object_url}/edit" visible="True">
  <permission value="Modify portal content"/>
 </action>
</object>
