<?xml version="1.0"?>
<object name="portal_actions" meta_type="Plone Actions Tool"
   xmlns:i18n="http://xml.zope.org/namespaces/i18n">
 <object name="site_actions" meta_type="CMF Action Category">
  <object name="plone_setup" meta_type="CMF Action" i18n:domain="plone">
   <property
      name="url_expr">string:${portal_url}/@@overview-controlpanel</property>
   <property name="permissions">
    <element value="Plone Site Setup: Overview"/>
   </property>
  </object>
 </object>
 <object name="user" meta_type="CMF Action Category">
  <object name="plone_setup" meta_type="CMF Action" i18n:domain="plone">
   <property
      name="url_expr">string:${portal_url}/@@overview-controlpanel</property>
   <property name="permissions">
    <element value="Plone Site Setup: Overview"/>
   </property>
  </object>
  <object name="login" meta_type="CMF Action" i18n:domain="plone">
   <property name="url_expr">string:${globals_view/navigationRootUrl}/login</property>
  </object>
 </object>
</object>
