<?xml version="1.0"?>
<object name="ATImage"
   meta_type="Factory-based Type Information with dynamic views"
   i18n:domain="plone" xmlns:i18n="http://xml.zope.org/namespaces/i18n">
 <property name="title" i18n:translate="">Image (w/o blobs)</property>
 <property name="description"
      i18n:translate="">An old-style image not based on ZODB blobs.</property>
 <property name="content_icon">image_icon.gif</property>
 <property name="content_meta_type">ATImage</property>
 <property name="product">ATContentTypes</property>
 <property name="factory">addATImage</property>
 <property name="immediate_view">image_view</property>
 <property name="global_allow">False</property>
 <property name="filter_content_types">True</property>
 <property name="allowed_content_types"/>
 <property name="allow_discussion">False</property>
 <property name="default_view">image_view</property>
 <property name="view_methods">
  <element value="image_view"/>
 </property>
 <alias from="(Default)" to="index_html"/>
 <alias from="edit" to="atct_edit"/>
 <alias from="sharing" to="@@sharing"/>
 <alias from="view" to="(selected layout)"/>
 <action title="View" action_id="view" category="object" condition_expr=""
    url_expr="string:${object_url}/view" visible="True"
    i18n:attributes="title">
  <permission value="View"/>
 </action>
 <action title="Edit" action_id="edit" category="object" condition_expr="not:object/@@plone_lock_info/is_locked_for_current_user|python:True"
    url_expr="string:${object_url}/edit" visible="True"
    i18n:attributes="title">
  <permission value="Modify portal content"/>
 </action>
 <action title="References" action_id="references" category="object"
    condition_expr="object/archetype_tool/has_graphviz"
    url_expr="string:${object_url}/reference_graph" visible="True"
    i18n:attributes="title">
  <permission value="Modify portal content"/>
  <permission value="Review portal content"/>
 </action>
 <action title="Transform" action_id="transform" category="object"
    condition_expr="object/hasPIL"
    url_expr="string:${object_url}/atct_image_transform" visible="True"
    i18n:attributes="title">
  <permission value="Modify portal content"/>
 </action>
 <action title="Download" action_id="download" category="object"
    condition_expr="member" url_expr="string:${object_url}/download"
    visible="False" i18n:attributes="title">
  <permission value="View"/>
 </action>
 <action title="External Edit" action_id="external_edit" category="object"
    condition_expr="object/externalEditorEnabled"
    url_expr="string:${object_url}/external_edit" visible="False"
    i18n:attributes="title">
  <permission value="Modify portal content"/>
 </action>
</object>
