<?xml version="1.0"?>
<dc-workflow xmlns:i18n="http://xml.zope.org/namespaces/i18n"
             i18n:domain="plone"
             workflow_id="intranet_folder_workflow"
             title="Intranet Workflow for Folders"
             description="
- Normally used with the Intranet/Extranet workflow on folder types.
- Only has two states: Private and Internal Draft."
             state_variable="review_state"
             initial_state="internal"
             i18n:attributes="title; description">

 <permission>Access contents information</permission>
 <permission>Modify portal content</permission>
 <permission>View</permission>

 <state state_id="internal" title="Internal draft" i18n:attributes="title">
  <description i18n:translate="">
    Visible to all intranet users.
  </description>
  <exit-transition transition_id="hide"/>
  <permission-map name="Access contents information"
                  acquired="False">
   <permission-role>Manager</permission-role>
   <permission-role>Owner</permission-role>
   <permission-role>Editor</permission-role>
   <permission-role>Reader</permission-role>
   <permission-role>Contributor</permission-role>
   <permission-role>Member</permission-role>
   <permission-role>Site Administrator</permission-role>
  </permission-map>
  <permission-map name="Modify portal content"
                  acquired="False">
   <permission-role>Manager</permission-role>
   <permission-role>Owner</permission-role>
   <permission-role>Editor</permission-role>
   <permission-role>Site Administrator</permission-role>
  </permission-map>
  <permission-map name="View" acquired="False">
   <permission-role>Manager</permission-role>
   <permission-role>Owner</permission-role>
   <permission-role>Editor</permission-role>
   <permission-role>Reader</permission-role>
   <permission-role>Contributor</permission-role>
   <permission-role>Member</permission-role>
   <permission-role>Site Administrator</permission-role>
  </permission-map>
 </state>
 <state state_id="private" title="Private" i18n:attributes="title">
  <description i18n:translate="">
    Can only be seen and edited by the owner.
  </description>
  <exit-transition transition_id="show_internally"/>
  <permission-map name="Access contents information"
                  acquired="False">
   <permission-role>Manager</permission-role>
   <permission-role>Owner</permission-role>
   <permission-role>Editor</permission-role>
   <permission-role>Reader</permission-role>
   <permission-role>Contributor</permission-role>
   <permission-role>Site Administrator</permission-role>
  </permission-map>
  <permission-map name="Modify portal content"
                  acquired="False">
   <permission-role>Manager</permission-role>
   <permission-role>Owner</permission-role>
   <permission-role>Editor</permission-role>
   <permission-role>Site Administrator</permission-role>
  </permission-map>
  <permission-map name="View" acquired="False">
   <permission-role>Manager</permission-role>
   <permission-role>Owner</permission-role>
   <permission-role>Editor</permission-role>
   <permission-role>Reader</permission-role>
   <permission-role>Contributor</permission-role>
   <permission-role>Site Administrator</permission-role>
  </permission-map>
 </state>

 <transition transition_id="hide"
             title="Member makes content private"
             new_state="private" trigger="USER"
             before_script="" after_script=""
             i18n:attributes="title">
  <description i18n:translate="">
    Making an item private means that it will not be visible to anyone but the owner and the site administrator.
  </description>
  <action url="%(content_url)s/content_status_modify?workflow_action=hide"
          category="workflow"
          i18n:translate="">Make private</action>
  <guard>
   <guard-permission>Modify portal content</guard-permission>
  </guard>
 </transition>
 <transition transition_id="show_internally"
             title="Member makes content visible to other internal users"
             new_state="internal" trigger="USER"
             before_script="" after_script=""
             i18n:attributes="title">
  <description i18n:translate="">
    Makes the folder visible internally.
  </description>
  <action url="%(content_url)s/content_status_modify?workflow_action=show_internally"
          category="workflow"
          i18n:translate="">Show internally</action>
  <guard>
   <guard-permission>Modify portal content</guard-permission>
  </guard>
 </transition>

 <variable variable_id="action" for_catalog="False"
           for_status="True" update_always="True">
  <description i18n:translate="">Previous transition</description>
  <default>

   <expression>transition/getId|nothing</expression>
  </default>
  <guard>
  </guard>
 </variable>
 <variable variable_id="actor" for_catalog="False"
           for_status="True" update_always="True">
  <description i18n:translate="">
    The ID of the user who performed the last transition
  </description>
  <default>

   <expression>user/getId</expression>
  </default>
  <guard>
  </guard>
 </variable>
 <variable variable_id="comments" for_catalog="False"
           for_status="True" update_always="True">
  <description i18n:translate="">Comment about the last transition</description>
  <default>

   <expression>python:state_change.kwargs.get('comment', '')</expression>
  </default>
  <guard>
  </guard>
 </variable>
 <variable variable_id="review_history" for_catalog="False"
           for_status="False" update_always="False">
  <description i18n:translate="">Provides access to workflow history</description>
  <default>

   <expression>state_change/getHistory</expression>
  </default>
  <guard>
   <guard-permission>Request review</guard-permission>
   <guard-permission>Review portal content</guard-permission>
  </guard>
 </variable>
 <variable variable_id="time" for_catalog="False"
           for_status="True" update_always="True">
  <description i18n:translate="">
    When the previous transition was performed
  </description>
  <default>

   <expression>state_change/getDateTime</expression>
  </default>
  <guard>
  </guard>
 </variable>

</dc-workflow>
