<?xml version="1.0"?>
<object name="portal_catalog" meta_type="Plone Catalog Tool">
 <property name="title">Indexes all content in the site</property>
 <property name="unwrapobjects" type="boolean">True</property>
 <object name="htmltext_lexicon" meta_type="ZCTextIndex Lexicon">
  <element name="HTML aware splitter" group="Word Splitter"/>
  <element name="Case Normalizer" group="Case Normalizer"/>
  <element name="Remove listed stop words only" group="Stop Words"/>
 </object>
 <object name="plaintext_lexicon" meta_type="ZCTextIndex Lexicon">
  <element name="Whitespace splitter" group="Word Splitter"/>
  <element name="Case Normalizer" group="Case Normalizer"/>
  <element name="Remove listed stop words only" group="Stop Words"/>
 </object>
 <object name="plone_lexicon" meta_type="ZCTextIndex Lexicon">
  <element name="Unicode Whitespace splitter" group="Word Splitter"/>
  <element name="Unicode Case Normalizer" group="Case Normalizer"/>
 </object>
 <index name="Creator" meta_type="FieldIndex">
  <indexed_attr value="Creator"/>
 </index>
 <index name="Date" meta_type="DateIndex">
  <property name="index_naive_time_as_local">True</property>
 </index>
 <index name="Description" meta_type="ZCTextIndex">
  <indexed_attr value="Description"/>
  <extra name="index_type" value="Okapi BM25 Rank"/>
  <extra name="lexicon_id" value="plone_lexicon"/>
 </index>
 <index name="SearchableText" meta_type="ZCTextIndex">
  <indexed_attr value="SearchableText"/>
  <extra name="index_type" value="Okapi BM25 Rank"/>
  <extra name="lexicon_id" value="plone_lexicon"/>
 </index>
 <index name="Subject" meta_type="KeywordIndex">
  <indexed_attr value="Subject"/>
 </index>
 <index name="Title" meta_type="ZCTextIndex">
  <indexed_attr value="Title"/>
  <extra name="index_type" value="Okapi BM25 Rank"/>
  <extra name="lexicon_id" value="plone_lexicon"/>
 </index>
 <index name="Type" meta_type="FieldIndex">
  <indexed_attr value="Type"/>
 </index>
 <index name="UID" meta_type="UUIDIndex">
  <indexed_attr value="UID"/>
 </index>
 <index name="allowedRolesAndUsers" meta_type="KeywordIndex">
  <indexed_attr value="allowedRolesAndUsers"/>
 </index>
 <index name="created" meta_type="DateIndex">
  <property name="index_naive_time_as_local">True</property>
 </index>
 <index name="effective" meta_type="DateIndex">
  <property name="index_naive_time_as_local">True</property>
 </index>
 <index name="effectiveRange" meta_type="DateRangeIndex"
    since_field="effective" until_field="expires"/>
 <index name="end" meta_type="DateIndex">
  <property name="index_naive_time_as_local">True</property>
 </index>
 <index name="expires" meta_type="DateIndex">
  <property name="index_naive_time_as_local">True</property>
 </index>
 <index name="getId" meta_type="FieldIndex">
  <indexed_attr value="getId"/>
 </index>
 <index name="getObjPositionInParent" meta_type="GopipIndex">
  <indexed_attr value="getObjPositionInParent"/>
 </index>
 <index name="getRawRelatedItems" meta_type="KeywordIndex">
  <indexed_attr value="getRawRelatedItems"/>
 </index>
 <index name="id" meta_type="FieldIndex">
  <indexed_attr value="id"/>
 </index>
 <index name="in_reply_to" meta_type="FieldIndex">
  <indexed_attr value="in_reply_to"/>
 </index>
 <index name="is_default_page" meta_type="BooleanIndex">
  <indexed_attr value="is_default_page"/>
 </index>
 <index name="is_folderish" meta_type="BooleanIndex">
  <indexed_attr value="is_folderish"/>
 </index>
 <index name="meta_type" meta_type="FieldIndex">
  <indexed_attr value="meta_type"/>
 </index>
 <index name="modified" meta_type="DateIndex">
  <property name="index_naive_time_as_local">True</property>
 </index>
 <index name="object_provides" meta_type="KeywordIndex">
  <indexed_attr value="object_provides"/>
 </index>
 <index name="path" meta_type="ExtendedPathIndex"/>
 <index name="portal_type" meta_type="FieldIndex">
  <indexed_attr value="portal_type"/>
 </index>
 <index name="review_state" meta_type="FieldIndex">
  <indexed_attr value="review_state"/>
 </index>
 <index name="sortable_title" meta_type="FieldIndex">
  <indexed_attr value="sortable_title"/>
 </index>
 <index name="start" meta_type="DateIndex">
  <property name="index_naive_time_as_local">True</property>
 </index>
 <column value="CreationDate"/>
 <column value="Creator"/>
 <column value="Date"/>
 <column value="Description"/>
 <column value="EffectiveDate"/>
 <column value="ExpirationDate"/>
 <column value="ModificationDate"/>
 <column value="Subject"/>
 <column value="Title"/>
 <column value="Type"/>
 <column value="UID"/>
 <column value="created"/>
 <column value="effective"/>
 <column value="end"/>
 <column value="exclude_from_nav"/>
 <column value="expires"/>
 <column value="getIcon"/>
 <column value="getId"/>
 <column value="getObjSize"/>
 <column value="getRemoteUrl"/>
 <column value="id"/>
 <column value="is_folderish"/>
 <column value="listCreators"/>
 <column value="location"/>
 <column value="meta_type"/>
 <column value="modified"/>
 <column value="portal_type"/>
 <column value="review_state"/>
 <column value="start"/>
</object>
