<?xml version="1.0"?>
<object name="Document"
   meta_type="Factory-based Type Information with dynamic views"
   i18n:domain="plone" xmlns:i18n="http://xml.zope.org/namespaces/i18n">
 <property name="title" i18n:translate="">Rich document</property>
 <property name="description"
      i18n:translate="">A page in the site, including images and attachments.</property>
 <property name="content_icon">richdocument_icon.gif</property>
 <property name="content_meta_type">RichDocument</property>
 <property name="product">RichDocument</property>
 <property name="factory">addRichDocument</property>
 <property name="immediate_view">base_edit</property>
 <property name="global_allow">True</property>
 <property name="filter_content_types">True</property>
 <property name="allowed_content_types">
   <element value="FileAttachment"/>
   <element value="ImageAttachment"/>
 </property>
 <property name="allow_discussion">False</property>
 <property name="default_view">richdocument_view</property>
 <property name="view_methods">
  <element value="richdocument_view"/>
  <element value="richdocument_view_float"/>
  <element value="richdocument_view_preview"/>
 </property>
 <alias from="(Default)" to="(dynamic view)"/>
 <alias from="edit" to="atct_edit"/>
 <alias from="sharing" to="@@sharing"/>
 <alias from="view" to="(selected layout)"/>
 <action title="View" action_id="view" category="object" condition_expr=""
    url_expr="string:${object_url}" visible="True">
  <permission value="View"/>
 </action>
 <action title="Edit" action_id="edit" category="object" condition_expr=""
    url_expr="string:${object_url}/edit" visible="True">
  <permission value="Modify portal content"/>
 </action>
 <action title="References" action_id="references" category="object"
    condition_expr="object/archetype_tool/has_graphviz"
    url_expr="string:${object_url}/reference_graph" visible="True">
  <permission value="Modify portal content"/>
  <permission value="Review portal content"/>
 </action>
 <action title="History" action_id="history" category="object"
    condition_expr="" url_expr="string:${object_url}/atct_history"
    visible="False">
  <permission value="ATContentTypes: View history"/>
 </action>
 <action title="External Edit" action_id="external_edit" category="object"
    condition_expr="object/externalEditorEnabled"
    url_expr="string:${object_url}/external_edit" visible="False">
  <permission value="Modify portal content"/>
 </action>
</object>
