<?xml version="1.0"?>
<dc-workflow xmlns:i18n="http://xml.zope.org/namespaces/i18n"
             i18n:domain="plone"
             workflow_id="intranet_workflow"
             title="Intranet/Extranet Workflow"
             description="
- An intranet workflow where content is only accessible if you are logged in.
- Basic states are: Internal Draft, Pending Review, Internally Published and Private.
- Also has an Externally Published state, so you can make selected content available to people outside the intranet."
             state_variable="review_state"
             initial_state="internal"
             i18n:attributes="title; description">

 <permission>Access contents information</permission>
 <permission>Change portal events</permission>
 <permission>Modify portal content</permission>
 <permission>View</permission>

 <state state_id="internal" title="Internal draft" i18n:attributes="title">
  <description i18n:translate="">
    Visible to all intranet users, editable by the owner.
  </description>
  <exit-transition transition_id="hide"/>
  <exit-transition transition_id="publish_internally"/>
  <exit-transition transition_id="submit"/>
  <permission-map name="Access contents information"
                  acquired="False">
   <permission-role>Manager</permission-role>
   <permission-role>Owner</permission-role>
   <permission-role>Editor</permission-role>
   <permission-role>Reader</permission-role>
   <permission-role>Contributor</permission-role>
   <permission-role>Member</permission-role>
   <permission-role>Site Administrator</permission-role>
  </permission-map>
  <permission-map name="Change portal events"
                  acquired="False">
   <permission-role>Manager</permission-role>
   <permission-role>Owner</permission-role>
   <permission-role>Editor</permission-role>
   <permission-role>Site Administrator</permission-role>
  </permission-map>
  <permission-map name="Modify portal content"
                  acquired="False">
   <permission-role>Manager</permission-role>
   <permission-role>Owner</permission-role>
   <permission-role>Editor</permission-role>
   <permission-role>Site Administrator</permission-role>
  </permission-map>
  <permission-map name="View" acquired="False">
   <permission-role>Manager</permission-role>
   <permission-role>Owner</permission-role>
   <permission-role>Editor</permission-role>
   <permission-role>Reader</permission-role>
   <permission-role>Contributor</permission-role>
   <permission-role>Member</permission-role>
   <permission-role>Site Administrator</permission-role>
  </permission-map>
 </state>
 <state state_id="internally_published" title="Internally published" i18n:attributes="title">
  <description i18n:translate="">
    Published and visible to intranet users, not editable by the owner.
  </description>
  <exit-transition transition_id="reject"/>
  <exit-transition transition_id="retract"/>
  <exit-transition transition_id="publish_externally"/>
  <permission-map name="Access contents information"
                  acquired="False">
   <permission-role>Manager</permission-role>
   <permission-role>Owner</permission-role>
   <permission-role>Editor</permission-role>
   <permission-role>Reader</permission-role>
   <permission-role>Contributor</permission-role>
   <permission-role>Member</permission-role>
   <permission-role>Site Administrator</permission-role>
  </permission-map>
  <permission-map name="Change portal events"
                  acquired="False">
   <permission-role>Manager</permission-role>
   <permission-role>Site Administrator</permission-role>
  </permission-map>
  <permission-map name="Modify portal content"
                  acquired="False">
   <permission-role>Manager</permission-role>
   <permission-role>Site Administrator</permission-role>
  </permission-map>
  <permission-map name="View" acquired="False">
   <permission-role>Manager</permission-role>
   <permission-role>Owner</permission-role>
   <permission-role>Editor</permission-role>
   <permission-role>Reader</permission-role>
   <permission-role>Contributor</permission-role>
   <permission-role>Member</permission-role>
   <permission-role>Site Administrator</permission-role>
  </permission-map>
 </state>
 <state state_id="pending" title="Pending review" i18n:attributes="title">
  <description i18n:translate="">
    Waiting to be reviewed, not editable by the owner.
  </description>
  <exit-transition transition_id="publish_internally"/>
  <exit-transition transition_id="publish_externally"/>
  <exit-transition transition_id="reject"/>
  <exit-transition transition_id="retract"/>
  <permission-map name="Access contents information"
                  acquired="False">
   <permission-role>Manager</permission-role>
   <permission-role>Owner</permission-role>
   <permission-role>Editor</permission-role>
   <permission-role>Reader</permission-role>
   <permission-role>Contributor</permission-role>
   <permission-role>Member</permission-role>
   <permission-role>Reviewer</permission-role>
   <permission-role>Site Administrator</permission-role>
  </permission-map>
  <permission-map name="Change portal events"
                  acquired="False">
   <permission-role>Manager</permission-role>
   <permission-role>Reviewer</permission-role>
   <permission-role>Site Administrator</permission-role>
  </permission-map>
  <permission-map name="Modify portal content"
                  acquired="False">
   <permission-role>Manager</permission-role>
   <permission-role>Reviewer</permission-role>
   <permission-role>Site Administrator</permission-role>
  </permission-map>
  <permission-map name="View" acquired="False">
   <permission-role>Manager</permission-role>
   <permission-role>Owner</permission-role>
   <permission-role>Editor</permission-role>
   <permission-role>Reader</permission-role>
   <permission-role>Contributor</permission-role>
   <permission-role>Member</permission-role>
   <permission-role>Reviewer</permission-role>
   <permission-role>Site Administrator</permission-role>
  </permission-map>
 </state>
 <state state_id="private" title="Private" i18n:attributes="title">
  <description i18n:translate="">
    Can only be seen and edited by the owner.
  </description>
  <exit-transition transition_id="show_internally"/>
  <permission-map name="Access contents information"
                  acquired="False">
   <permission-role>Manager</permission-role>
   <permission-role>Owner</permission-role>
   <permission-role>Editor</permission-role>
   <permission-role>Reader</permission-role>
   <permission-role>Contributor</permission-role>
   <permission-role>Site Administrator</permission-role>
  </permission-map>
  <permission-map name="Change portal events"
                  acquired="False">
   <permission-role>Manager</permission-role>
   <permission-role>Owner</permission-role>
   <permission-role>Editor</permission-role>
   <permission-role>Site Administrator</permission-role>
  </permission-map>
  <permission-map name="Modify portal content"
                  acquired="False">
   <permission-role>Manager</permission-role>
   <permission-role>Owner</permission-role>
   <permission-role>Editor</permission-role>
   <permission-role>Site Administrator</permission-role>
  </permission-map>
  <permission-map name="View" acquired="False">
   <permission-role>Manager</permission-role>
   <permission-role>Owner</permission-role>
   <permission-role>Editor</permission-role>
   <permission-role>Reader</permission-role>
   <permission-role>Contributor</permission-role>
   <permission-role>Site Administrator</permission-role>
  </permission-map>
 </state>
 <state state_id="external" title="Externally visible" i18n:attributes="title">
  <description i18n:translate="">
    Visible to people outside the intranet, not editable by the owner.
  </description>
  <exit-transition transition_id="retract"/>
  <permission-map name="Access contents information"
                  acquired="False">
   <permission-role>Anonymous</permission-role>
  </permission-map>
  <permission-map name="Change portal events"
                  acquired="False">
   <permission-role>Manager</permission-role>
   <permission-role>Site Administrator</permission-role>
  </permission-map>
  <permission-map name="Modify portal content"
                  acquired="False">
   <permission-role>Manager</permission-role>
   <permission-role>Site Administrator</permission-role>
  </permission-map>
  <permission-map name="View" acquired="False">
   <permission-role>Anonymous</permission-role>
  </permission-map>
 </state>

 <transition transition_id="hide"    new_state="private"
             title="Member makes content private"
             trigger="USER"
             before_script="" after_script=""
             i18n:attributes="title">
  <description i18n:translate="">
    Making an item private means that it will not be visible to anyone but the owner and the site administrator.
  </description>
  <action url="%(content_url)s/content_status_modify?workflow_action=hide"
          category="workflow"
          i18n:translate="">Make private</action>
  <guard>
   <guard-permission>Modify portal content</guard-permission>
  </guard>
 </transition>
 <transition transition_id="publish_internally" new_state="internally_published"
             title="Reviewer publishes content to internal users"
             trigger="USER"
             before_script="" after_script=""
             i18n:attributes="title">
  <description i18n:translate="">
    Publishing the item makes it visible to other users.
  </description>
  <action url="%(content_url)s/content_status_modify?workflow_action=publish_internally"
          category="workflow"
          i18n:translate="">Publish internally</action>
  <guard>
   <guard-permission>Review portal content</guard-permission>
  </guard>
 </transition>
 <transition transition_id="publish_externally" new_state="external"
             title="Reviewer makes content available externally"
             trigger="USER"
             before_script="" after_script=""
             i18n:attributes="title">
  <description i18n:translate="">
    Publishing the item makes it visible to other users.
  </description>
  <action url="%(content_url)s/content_status_modify?workflow_action=publish_externally"
          category="workflow"
          i18n:translate="">Publish externally</action>
  <guard>
   <guard-permission>Review portal content</guard-permission>
  </guard>
 </transition>
 <transition transition_id="reject"  new_state="internal"
             title="Send back"
             trigger="USER"
             before_script="" after_script=""
             i18n:attributes="title">
  <description i18n:translate="">
    Sending the item back will return the item to the original author instead of publishing it. You should preferably include a reason for why it was not published.
  </description>
  <action url="%(content_url)s/content_status_modify?workflow_action=reject"
          category="workflow"
          i18n:translate="">Send back</action>
  <guard>
   <guard-permission>Review portal content</guard-permission>
  </guard>
 </transition>
 <transition transition_id="retract" new_state="internal"
             title="Member retracts submission"
             trigger="USER"
             before_script="" after_script=""
             i18n:attributes="title">
  <description i18n:translate="">
    If you submitted the item by mistake or want to perform additional edits, this will take it back.
  </description>
  <action url="%(content_url)s/content_status_modify?workflow_action=retract"
          category="workflow"
          i18n:translate="">Retract</action>
  <guard>
   <guard-permission>Request review</guard-permission>
  </guard>
 </transition>
 <transition transition_id="show_internally"    new_state="internal"
             title="Member promotes content to internal draft"
             trigger="USER"
             before_script="" after_script=""
             i18n:attributes="title">
  <description i18n:translate="">
    Promotes your private item to an internal draft.
  </description>
  <action url="%(content_url)s/content_status_modify?workflow_action=show_internally"
          category="workflow"
          i18n:translate="">Show internally</action>
  <guard>
   <guard-permission>Modify portal content</guard-permission>
  </guard>
 </transition>
 <transition transition_id="submit"  new_state="pending"
             title="Submit for publication"
             trigger="USER"
             before_script="" after_script=""
             i18n:attributes="title">
  <description i18n:translate="">
    Puts your item in a review queue, so it can be published externally or internally.
  </description>
  <action url="%(content_url)s/content_status_modify?workflow_action=submit"
          category="workflow"
          i18n:translate="">Submit for publication</action>
  <guard>
   <guard-permission>Request review</guard-permission>
  </guard>
 </transition>

 <worklist worklist_id="reviewer_queue" title="">
  <description i18n:translate="">Reviewer tasks</description>
  <action url="%(portal_url)s/search?review_state=pending"
          category="global">Pending (%(count)d)</action>
  <guard>
   <guard-permission>Review portal content</guard-permission>
  </guard>
  <match name="review_state" values="pending"/>
 </worklist>

 <variable variable_id="action"         for_catalog="False"
           for_status="True" update_always="True">
  <description i18n:translate="">Previous transition</description>
  <default>
   <expression>transition/getId|nothing</expression>
  </default>
  <guard>
  </guard>
 </variable>
 <variable variable_id="actor"          for_catalog="False"
           for_status="True" update_always="True">
  <description i18n:translate="">
    The ID of the user who performed the last transition
  </description>
  <default>
   <expression>user/getId</expression>
  </default>
  <guard>
  </guard>
 </variable>
 <variable variable_id="comments"       for_catalog="False"
           for_status="True" update_always="True">
  <description i18n:translate="">
    Comment about the last transition
  </description>
  <default>

   <expression>python:state_change.kwargs.get('comment', '')</expression>
  </default>
  <guard>
  </guard>
 </variable>
 <variable variable_id="review_history" for_catalog="False"
           for_status="False" update_always="False">
  <description i18n:translate="">
    Provides access to workflow history
  </description>
  <default>

   <expression>state_change/getHistory</expression>
  </default>
  <guard>
   <guard-permission>Request review</guard-permission>
   <guard-permission>Review portal content</guard-permission>
  </guard>
 </variable>
 <variable variable_id="time"           for_catalog="False"
           for_status="True" update_always="True">
  <description i18n:translate="">
    When the previous transition was performed
  </description>
  <default>

   <expression>state_change/getDateTime</expression>
  </default>
  <guard>
  </guard>
 </variable>

</dc-workflow>
