<?xml version="1.0"?>
<object name="portal_actions" xmlns:i18n="http://xml.zope.org/namespaces/i18n">
   <object name="user" meta_type="CMF Action Category">
       <object name="dashboard" meta_type="CMF Action" i18n:domain="plone" insert-before="*">
        <property name="title" i18n:translate="">Dashboard</property>
        <property name="description" i18n:translate=""></property>
        <property name="url_expr">string:${portal_url}/dashboard</property>
        <property name="icon_expr"></property>
        <property name="available_expr">python:member is not None</property>
        <property name="permissions">
         <element value="Portlets: Manage own portlets"/>
        </property>
        <property name="visible">True</property>
       </object>
       <object name="preferences" meta_type="CMF Action" i18n:domain="plone">
           <property name="visible">True</property>
       </object>
  </object>
  <object name="site_actions" meta_type="CMF Action Category">
   <object name="plone_setup" meta_type="CMF Action" i18n:domain="plone">
    <property name="visible">False</property>
   </object>
  </object>
  <object name="document_actions" meta_type="CMF Action Category">
    <object name="print" meta_type="CMF Action" i18n:domain="plone">
      <property name="visible">False</property>
    </object>
  </object>
</object>
